{
	"gpgnode-04": {
		"schedutil": {
			"mem_draw": 0.3875,
			"linear": [ 0.6390727272727276, 56.6190909090909 ],
			"min_watts": 45.76333333333333,
			"max_watts": 112.54
		},
		"tdp_per_core": 11.875,
		"system_cores": 32,
		"memory": 64,
		"cpu_model": "Intel Xeon E5-2640"
	},
	"gpgnode-05": {
		"schedutil": {
			"mem_draw": 0.3663020833333333,
			"linear": [ 0.8374606060606065, 64.66757575757575 ],
			"min_watts": 52.48666666666666,
			"max_watts": 137.50333333333333
		},
		"tdp_per_core": 11.875,
		"system_cores": 32,
		"memory": 64,
		"cpu_model": "Intel Xeon E5-2640"
	},
	"gpgnode-06": {
		"schedutil": {
			"mem_draw": 0.3941406250000001,
			"linear": [ 0.5396787878787882, 52.357272727272736 ],
			"min_watts": 42.89666666666667,
			"max_watts": 98.80333333333333
		},
		"tdp_per_core": 11.875,
		"system_cores": 32,
		"memory": 64,
		"cpu_model": "Intel Xeon E5-2640"
	},
	"gpgnode-07": {
		"schedutil": {
			"mem_draw": 0.347734375,
			"linear": [ 0.5156090909090912, 51.37530303030301 ],
			"min_watts": 42.35999999999999,
			"max_watts": 96.07333333333334
		},
		"tdp_per_core": 11.875,
		"system_cores": 32,
		"memory": 64,
		"cpu_model": "Intel Xeon E5-2640"
	},
	"gpgnode-08": {
		"schedutil": {
			"mem_draw": 0.3503645833333333,
			"linear": [ 0.5154303030303036, 51.55636363636362 ],
			"min_watts": 42.18333333333333,
			"max_watts": 95.84000000000002
		},
		"tdp_per_core": 11.875,
		"system_cores": 32,
		"memory": 64,
		"cpu_model": "Intel Xeon E5-2640"
	},
	"gpgnode-13": {
		"powersave": {
			"mem_draw": 0.40752604166666667,
			"linear": [ 0.5711151515151512, 54.82666666666669 ],
			"min_watts": 48.166666666666664,
			"max_watts": 104.88666666666666
		}, 
		"performance": {
			"mem_draw": 0.40921874999999996,
			"linear": [ 0.7379060606060608, 61.03712121212123 ],
			"min_watts": 49.379999999999995,
			"max_watts": 124.93333333333334
		},
		"tdp_per_core": 11.875,
		"system_cores": 32,
		"cpu_model": "Intel Xeon E5-2640"
	}, 
	"gpgnode-14": {
		"powersave": {
			"mem_draw": 0.35888020833333334,
			"linear": [ 0.5664090909090908, 55.61742424242428 ],
			"min_watts": 49.413333333333334,
			"max_watts": 105.60666666666667
		}, 
		"performance": {
			"mem_draw": 0.36736979166666667,
			"linear": [ 0.7216363636363639, 61.95848484848483 ],
			"min_watts": 50.56666666666666,
			"max_watts": 125.25
		},
		"tdp_per_core": 11.875,
		"system_cores": 32,
		"cpu_model": "Intel Xeon E5-2640"
	}, 
	"gpgnode-15": {
		"powersave": {
			"mem_draw": 0.40458333333333335,
			"linear": [ 0.6810454545454548, 60.19469696969696 ],
			"min_watts": 52.949999999999996,
			"max_watts": 120.30333333333334
		}, 
		"performance": {
			"mem_draw": 0.4091666666666667,
			"linear": [ 0.8335848484848487, 65.72833333333334 ],
			"min_watts": 54.88666666666666,
			"max_watts": 138.81666666666666
		},
		"tdp_per_core": 11.875,
		"system_cores": 32,
		"cpu_model": "Intel Xeon E5-2640"
	}, 
	"gpgnode-22": {
		"powersave": {
			"mem_draw": 0.016041666666666666,
			"linear": [ 1.7994121212121201, 180.0912121212122 ],
			"min_watts": 94.77333333333333,
			"max_watts": 347.1433333333334
		}, 
		"performance": {
			"mem_draw": 0.016953125,
			"linear": [ 1.6530484848484859, 193.20121212121217 ],
			"min_watts": 117.37,
			"max_watts": 345.76666666666665
		},
		"tdp_per_core": 11.5625,
		"system_cores": 64,
		"cpu_model": "Intel Xeon Gold 6426Y"
	}, 
	"server": {
		"default": {
			"min_watts": 35,
			"max_watts": 123,
			"mem_draw": 0.392
		},
		"powersave": {
			"mem_draw": 0.056302083333333336,
			"linear": [ 0.2478060606060606, 16.653939393939392 ],
			"min_watts": 2.9933333333333336,
			"max_watts": 39.223333333333336
		}, 
		"performance": {
			"mem_draw": 0.057708333333333334,
			"linear": [ 0.08846666666666675, 29.430909090909093 ],
			"min_watts": 19.656666666666666,
			"max_watts": 43.86666666666667
		},
		"tdp_per_core": 4.375,
		"system_cores": 16,
		"cpu_model": "Intel(R) Core(TM) i7-10700T"
	},
	"clusterb": {
		"default": {
			"mem_draw": 0.392,
			"min_watts": 113,
			"max_watts": 262
		},
		"tdp_per_core": 7.5,
		"system_cores": 32,
		"cpu_model": "AMD EPYC 7282"
	},
	"hu-worker-c26": {
		"default": {
			"mem_draw": 0.392,
			"min_watts": 80,
			"max_watts": 135
        },
        "powersave": {
			"mem_draw": 0.05203125,
			"linear": [ 0.190339393939394, 43.47333333333334 ],
			"min_watts": 39.81333333333333,
			"max_watts": 60.05666666666667
        },
        "performance": {
			"mem_draw": 0.06839192708333333,
			"linear": [ 0.6224515151515154, 87.76863636363638 ],
			"min_watts": 73.09666666666668,
			"max_watts": 139.26666666666668
        },
		"tdp_per_core": 8.4375,
		"system_cores": 32,
		"cpu_model": "Intel Xeon Silver 4314"
	},
	"hu-worker-c40": {
		"schedutil": {
			"mem_draw": 0.08331380208333335,
			"linear": [ 0.9035939393939393, 70.3309090909091 ],
			"min_watts": 43.169999999999995,
			"max_watts": 142.41666666666666
		},
		"tdp_per_core": 8.4375,
		"system_cores": 32,
		"cpu_model": "Intel Xeon Silver 4314",
		"memory": 256
	},
	"hu-worker-c42": {
		"schedutil": {
			"mem_draw": 0.08854817708333333,
			"linear": [ 0.9256333333333333, 66.84681818181818 ],
			"min_watts": 43.04,
			"max_watts": 140.84666666666666
		},
		"tdp_per_core": 8.4375,
		"system_cores": 32,
		"cpu_model": "Intel Xeon Silver 4314",
		"memory": 256
	},
	"hu-worker-c44": {
		"schedutil": {
			"mem_draw": 0.08510416666666669,
			"linear": [ 0.8908636363636366, 69.35075757575758 ],
			"min_watts": 44.21333333333333,
			"max_watts": 141.59333333333333
		},
		"tdp_per_core": 8.4375,
		"system_cores": 32,
		"cpu_model": "Intel Xeon Silver 4314",
		"memory": 256
	},
	"hu-worker-c45": {
		"schedutil": {
			"mem_draw": 0.09011718750000001,
			"linear": [ 0.8816999999999998, 71.15863636363639 ],
			"min_watts": 45.25333333333333,
			"max_watts": 141.83333333333334
		},
		"tdp_per_core": 8.4375,
		"system_cores": 32,
		"cpu_model": "Intel Xeon Silver 4314",
		"memory": 256
	},
	"hu-worker-c37": {
		"schedutil": {
			"mem_draw": 0.08331380208333335,
			"linear": [ 0.9035939393939393, 70.3309090909091 ],
			"min_watts": 43.169999999999995,
			"max_watts": 142.41666666666666
		},
		"tdp_per_core": 8.4375,
		"system_cores": 32,
		"cpu_model": "Intel Xeon Silver 4314",
		"memory": 256
	},
	"hu-worker-c38": {
		"schedutil": {
			"mem_draw": 0.08331380208333335,
			"linear": [ 0.9035939393939393, 70.3309090909091 ],
			"min_watts": 43.169999999999995,
			"max_watts": 142.41666666666666
			
		},
		"tdp_per_core": 8.4375,
		"system_cores": 32,
		"cpu_model": "Intel Xeon Silver 4314",
		"memory": 256
	},
	"gcpc2": {
		"default": {
			"mem_draw": 0.392,
			"min_watts": 13.626984127,
			"max_watts": 52.3412698413
		},
		"system_cores": 8,
		"cpu_model": "Intel(R) Xeon(R) CPU @ 3.10GHz"
	}, 
	"gcpn2": {
		"default": {
			"mem_draw": 0.392,
			"min_watts": 2.55579743,
			"max_watts": 14.5698081
		},
		"system_cores": 4,
		"cpu_model": "Intel(R) Xeon(R) CPU @ 2.80GHz"
	}, 
	"gcpn1": {
		"default": {
			"mem_draw": 0.392,
			"min_watts": 1.28920889085,
			"max_watts": 7.79694761126
		},
		"system_cores": 2,
		"cpu_model": "Intel(R) Xeon(R) CPU @ 2.20GHz"
	}
}